<?xml version="1.0" encoding="UTF-8" ?>
<!DOCTYPE configuration
	PUBLIC "-//mybatis.org//DTD Config 3.0//EN"
	"http://mybatis.org/dtd/mybatis-3-config.dtd">

<configuration>

	
	
	<environments default="development">
		<environment id="development">
		<transactionManager type="JDBC"/>
		<dataSource type="POOLED">
			<property name="driver" value="oracle.jdbc.driver.OracleDriver"/>
			<property name="url" value="driver_url"/>
			<property name="username" value="name"/>
			<property name="password" value="password"/>
		</dataSource>
		</environment>
	</environments>
	<typeAliases>
		<typeAlias type="vo.UserVO" alias="User"/>
	</typeAliases>
	<mappers>
		<mapper resource="myBatis/mappers/UserMapper.xml"/>
	</mappers>
	
</configuration>