<?xml version="1.0" encoding="UTF-8" ?>
<!DOCTYPE log4j:configuration SYSTEM "log4j.dtd">
<log4j:configuration xmlns:log4j='http://jakarta.apache.org/log4j/'>

        <!-- Console Appender -->
        <appender name="STDOUT" class="org.apache.log4j.ConsoleAppender">
                <param name="Threshold" value="DEBUG" />
                <layout class="org.apache.log4j.PatternLayout">
                        <param name="ConversionPattern"
				value="%d{yyyy-MM-dd HH:mm:ss} [%-5p] (%F:%L) %m%n" />
                </layout>
        </appender>

        <!-- File Appender -->
        <appender name="FILEOUT" class="org.apache.log4j.DailyRollingFileAppender">
                <param name="File" value="/weblogic/batch/logs/escrow/escrow-batch.log"/>
                <param name="DatePattern" value="'.'yyyy-MM-dd"/>
                <param name="Threshold" value="DEBUG" />
                <layout class="org.apache.log4j.PatternLayout">
                        <param name="ConversionPattern" value="[%d] %-5p %l - %m%n" />
                </layout>
        </appender>

        <!-- service engine log -->
        <logger name="com.skt.omp.serviceengine" additivity="false">
                <level value="DEBUG" />
                <appender-ref ref="STDOUT" />
                <appender-ref ref="FILEOUT" />
        </logger>

        <!-- SQLMAP-Query log -->
        <logger name="java.sql" additivity="false">
                <level value="DEBUG" />
                <appender-ref ref="STDOUT" />
                <appender-ref ref="FILEOUT" />
        </logger>

        <!-- SQLMAP self log -->
        <logger name="com.ibatis" additivity="false">
                <level value="DEBUG" />
                <appender-ref ref="STDOUT" />
                <appender-ref ref="FILEOUT" />
        </logger>

        <!-- default log -->
        <logger name="skt.tmall" additivity="false">
                <level value="DEBUG" />
                <appender-ref ref="STDOUT" />
                <appender-ref ref="FILEOUT" />
        </logger>

        <root>
                <level value="DEBUG" />
                <appender-ref ref="STDOUT" />
                <appender-ref ref="FILEOUT" />
        </root>

</log4j:configuration>
